{"x": {"mean": [0.58208007, 1.0731674, -3.4935455, -3.4691026, 0.24368511, 0.0007699326, 0.41303536, 0.12269103, 0.4310799, 0.030336361, 0.002857382, 0.056904558, 31.941916, 0.03707065, 14.354572, 0.13841657, 0.16922572], "one_over_sigma": [0.6673268, 0.7293271, 0.68535763, 0.7069473, 3.4340882, 1.4969984, 2.0309556, 3.0480165, 2.019275, 5.8305254, 18.73429, 5.634307, 0.022265889, 7.39682, 0.032479253, 5.8532076, 3.8577647], "dims": 3}, "v": {"mean": [0.084973894, -0.0023493622, 0.008496466, 7.80834], "one_over_sigma": [0.10964062, 0.10964494, 0.08012631, 0.061865382], "dims": 3}}
